Date,Driver,Full Day Passengers,Half Day Passengers,Cleaned_Date_Str
2026-05-20,Abhishek,"Manish, Ajay, Ankit",,2026-05-20
2026-05-21,Ankit,"Manish, Abhishek, Ajay",,2026-05-21
2026-05-22,Manish,"Abhishek, Ajay, Ankit",,2026-05-22
2026-05-18,Ankit,"Manish, Abhishek, Ajay",,2026-05-18
2026-05-25,Ankit,"Manish, Abhishek, Dk, Ajay",,2026-05-25
2026-05-19,Ajay,"Abhishek, Ankit, Manish",,2026-05-19
2026-05-26,Dk,"Manish, Abhishek, Ajay, Ankit",,2026-05-26
2026-05-27,Abhishek,"Manish, Dk, Ajay, Ankit",,2026-05-27
2026-05-28,Ajay,"Dk, Ankit",Manish,2026-05-28
2026-05-29,Ajay,Ankit,,2026-05-29
2026-06-01,Ankit,Dk,Manish,2026-06-01
2026-06-02,Ankit,"Manish, Dk",,2026-06-02
2026-06-03,Dk,"Ankit, Manish",,2026-06-03
2026-06-04,Manish,"Ankit, Dk",,2026-06-04
2026-06-05,Ankit,Manish,,2026-06-05
2026-06-08,Manish,"Dk, Ajay",,2026-06-08
2026-06-09,Dk,"Ajay, Manish",Abhishek,2026-06-09
2026-06-10,Ajay,"Manish, Dk",,2026-06-10
2026-06-12,Manish,,Ajay,2026-06-12
2026-06-11,Manish,Ajay,,2026-06-11
2026-06-15,Ankit,"Manish, Dk, Ajay",,2026-06-15
2026-06-16,Ajay,"Manish, Dk, Ankit",,2026-06-16
2026-06-17,Dk,"Manish, Ajay, Ankit",,2026-06-17
2026-06-18,Manish,"Ajay, Ankit, Dk",,2026-06-18
2026-06-22,Ankit,"Manish, Dk, Ajay",,2026-06-22
2026-06-23,Ajay,"Manish, Dk, Ankit",,2026-06-23
2026-06-24,Manish,"Ankit, Ajay",,2026-06-24
2026-06-25,Ankit,"Manish, Dk, Ajay",,2026-06-25
2026-06-26,Dk,"Manish, Ajay, Ankit",,2026-06-26
2026-06-29,Ajay,"Manish, Dk",Ankit,2026-06-29
2026-06-30,Dk,"Ajay, Ankit",,2026-06-30
2026-07-03,Manish,"Dk, Ajay, Ankit",,2026-07-03
2026-07-02,Ankit,"Dk, Ajay, Manish",,2026-07-02
2026-07-01,Ankit,"Ajay, Manish",,2026-07-01
2026-07-06,Ankit,"Ajay, Dk",,2026-07-06
2026-07-07,Dk,"Ajay, Ankit",,2026-07-07
2026-07-08,Ajay,Ankit,,2026-07-08
2026-07-09,Ankit,"Manish, Ajay",,2026-07-09
2026-07-10,Manish,"Ajay, Ankit, Dk",,2026-07-10
2026-07-13,Manish,"Dk, Ankit, Ajay",,2026-07-13
2026-07-14,Dk,"Ankit, Ajay, Manish",,2026-07-14
2026-07-16,Ajay,"Manish, Dk",,2026-07-16
2026-07-15,Ankit,"Manish, Dk",,2026-07-15
2026-07-17,Ankit,"Manish, Ajay",,2026-07-17
2026-08-03,Ankit,"Manish, Abhishek, Dk, Ajay",,2026-08-03
2026-08-04,Dk,"Manish, Abhishek, Ajay, Ankit",,2026-08-04
2026-08-06,Ajay,Manish,,2026-08-06
2026-08-05,Manish,"Abhishek, Ajay, Ankit, Dk",,2026-08-05
2026-08-07,Ankit,,"Abhishek, Ajay",2026-08-07
2026-08-10,Ankit,"Manish, Abhishek, Dk, Ajay",,2026-08-10
2026-08-11,Ankit,"Abhishek, Dk, Ajay",,2026-08-11
2026-08-14,Manish,Abhishek,Ankit,2026-08-14
2026-08-12,Ajay,"Manish, Ankit, Abhishek",,2026-08-12
